cruce,fecha,hora_inicio,hora_final,livianos,colectivos,pesados,observaciones
"INDEPENDENCIA, AV. Y LA PLATA AV.",2018-08-14,8,9,4086,155,15,
SIMBRON Y IRIGOYEN,2018-05-29,8,9,1162,9,5,
"DELLEPIANE, LUIS, TTE GRAL. SUR Y CASTAÑARES AV.",2019-03-20,9,10,506,74,4,
AV. CABILDO  Y COMODORO RIVADAVIA,2019-06-26,15,16,2155,9,1,NO SE CONTARON COLECTIVOS POR METROBUS
AV. DEL LIBERTADOR Y VEDIA,2018-05-22,18,19,6601,72,6,
"GONZALEZ, ELIPIDIO Y IRIGOYEN",2018-05-29,16,17,1451,7,8,
AV.ALVAREZ JONTE Y IRIGOYEN,2018-05-29,15,16,1065,16,8,
"MOLIERE Y VARELA, JOSE PEDRO",2019-03-26,11,12,415,1,0,
"AV. FOREST Y GARCIA, TEODORO",2018-06-06,9,10,1707,134,5,
EL MAESTRO Y CHACO,2018-08-16,8,9,967,0,0,
SAN BLAS Y IRIGOYEN,2018-05-29,8,9,964,5,4,
"DONADO Y BALBIN, RICARDO, DR. AV.",2019-03-21,18,19,5312,97,19,
"DELLEPIENE, LUIS TTE GRAL. (NORTE) Y LACARRA AV.",2018-06-07,18,19,2570,41,104,
"TRIUNVIRATO AV. Y ACHA, MARIANO, GRAL.",2018-06-13,15,16,1680,118,7,
"TRIUNVIRATO AV. Y ACHA, MARIANO, GRAL.",2018-06-13,10,11,1273,100,13,
AV. DEL LIBERTADOR Y VEDIA,2018-05-22,19,20,2657,32,1,
"GONZALEZ, ELIPIDIO Y IRIGOYEN",2018-05-29,17,18,1502,1,5,
"GONZALEZ, ELIPIDIO Y IRIGOYEN",2018-05-29,9,10,931,5,9,
RAWSON Y BARTOLOME MITRE,2019-06-26,17,18,1297,0,3,
"LOZANO, PEDRO Y HUGO, VICTOR",2019-03-26,9,10,330,0,0,
AV. CABILDO  Y COMODORO RIVADAVIA,2019-06-26,8,9,1971,9,4,NO SE CONTARON COLECTIVOS POR METROBUS
SIMBRON Y IRIGOYEN,2018-05-29,16,17,1334,14,8,
ACOYTE AV. Y RIVADAVIA AV.,2018-06-26,8,9,2533,261,21,
"INDEPENDENCIA, AV. Y LA PLATA AV.",2018-08-09,19,20,4387,144,0,
AV. ELCANO Y GUZMAN,2018-06-06,17,18,1893,156,10,
LA PLATA AV. Y ZAÑARTU,2018-08-14,19,20,1127,95,2,
SAN BLAS Y IRIGOYEN,2018-05-29,19,20,1230,5,2,
"LOZANO, PEDRO Y HUGO, VICTOR",2019-03-26,18,19,689,1,0,
AV.ALVAREZ JONTE Y IRIGOYEN,2018-05-29,9,10,1021,29,8,
"LOZANO, PEDRO Y IRIGOYEN",2018-05-29,18,19,1339,10,1,
"ACHA, MARIANO, GRAL. Y LA PAMPA",2018-06-13,9,10,1398,61,15,
AV. DEL LIBERTADOR Y VEDIA,2018-05-22,8,9,4740,38,13,
"DELLEPIENE, LUIS TTE GRAL. (NORTE) Y LACARRA AV.",2018-06-07,9,17,2267,33,124,
"LOZANO, PEDRO Y IRIGOYEN",2018-05-29,19,20,1052,10,1,
AV. EVA PERON Y AV. LACARRA,2018-03-15,17,18,4802,188,62,
"GONZALEZ, ELIPIDIO Y IRIGOYEN",2018-05-29,15,16,1161,5,8,
SAN BLAS Y IRIGOYEN,2018-05-29,9,10,857,4,7,
NOGOYA Y IRIGOYEN,2018-05-29,19,20,1345,61,1,
AV. ELCANO Y AV. TRIUNVIRATO,2018-06-06,8,9,1556,75,13,
"LACROZE, FEDERICO AV. Y AV. TRIUNVIRATO",2018-06-06,8,9,1161,314,2,
"ACOYTE AV. Y ARANGUREN JUAN F., DR.",2018-06-27,18,19,2262,137,2,
NEUQUEN Y HIDALGO,2018-06-26,9,10,1453,41,5,
"DELLEPIENE, LUIS TTE GRAL. (NORTE) Y LACARRA AV.",2018-06-07,17,18,2525,33,132,
SANTO TOME Y IRIGOYEN,2018-05-29,10,11,835,15,12,
"MOLIERE Y VARELA, JOSE PEDRO",2019-03-26,15,16,503,4,1,
"MOLIERE Y VARELA, JOSE PEDRO",2019-03-26,12,13,565,1,0,
"DELLEPIANE, LUIS, TTE GRAL. SUR Y CASTAÑARES AV.",2019-03-20,17,18,400,72,2,
SENILLOSA Y CHACO,2018-08-16,17,18,761,30,2,
SANTO TOME Y IRIGOYEN,2018-05-29,16,17,1193,16,7,
CHACO Y DOBLAS,2018-08-16,8,9,532,0,1,
NAZARRE Y CORTINA,2019-03-26,18,19,483,0,0,
"UDAONDO, GUILLERMO AV. Y FIGUEROA ALCORTA, PRES. AV.",2018-06-28,9,10,2838,42,12,
NOGOYA Y IRIGOYEN,2018-05-29,9,10,1323,61,7,
AV. DEL LIBERTADOR Y VEDIA,2018-05-22,9,10,4271,37,35,
"GONZALEZ, ELIPIDIO Y IRIGOYEN",2018-05-29,18,19,1576,8,1,
"LACROZE, FEDERICO AV. Y AV. TRIUNVIRATO",2018-06-06,9,10,1204,352,2,
"DELLEPIANE, LUIS, TTE GRAL. SUR Y CASTAÑARES AV.",2019-01-22,17,18,272,69,2,
NOGOYA Y IRIGOYEN,2018-05-29,11,12,1137,65,4,
"ROSARIO Y MORENO, MARIA JOSE AV.",2018-08-14,9,10,2197,330,11,
"LACROZE, FEDERICO AV. Y AV. TRIUNVIRATO",2018-06-06,17,18,1387,304,8,
"MOLIERE Y VARELA, JOSE PEDRO",2019-03-26,16,17,589,3,0,
AV.ALVAREZ JONTE Y IRIGOYEN,2018-05-29,19,20,1256,9,3,
NOGOYA Y IRIGOYEN,2018-05-29,16,17,1494,53,8,
AV. EVA PERON Y AV. LACARRA,2018-03-15,18,19,4468,213,62,
"DELLEPIENE, LUIS TTE GRAL. (SUR) Y LACARRA AV.",2018-06-07,8,9,2767,84,104,
DIRECTORIO AV. Y LA PLATA AV.,2018-08-09,18,19,4405,176,7,
"ACOYTE AV. Y ARANGUREN JUAN F., DR.",2018-06-27,17,18,2390,134,6,
RIVADAVIA AV. Y LA PLATA AV.,2018-08-07,18,19,2739,149,4,
"ROSARIO Y MORENO, MARIA JOSE AV.",2018-08-07,18,19,2563,239,3,
LA PLATA AV. Y JUAN DE GARAY AV.,2018-08-14,18,19,3496,119,3,
"TRIUNVIRATO AV. Y ACHA, MARIANO, GRAL.",2018-06-13,9,10,1488,92,11,
"INDEPENDENCIA, AV. Y LA PLATA AV.",2018-08-14,9,10,3659,177,18,
"ROSARIO Y MORENO, MARIA JOSE AV.",2018-08-07,19,20,2381,270,4,
SIMBRON Y VIRGILIO,2019-03-26,10,11,414,1,0,
NAZARRE Y CORTINA,2019-03-26,17,18,507,0,0,
"LOZANO, PEDRO Y HUGO, VICTOR",2019-03-26,12,13,487,5,0,
"DELLEPIENE, LUIS TTE GRAL. (SUR) Y LACARRA AV.",2018-06-07,9,17,2660,46,122,
"GONZALEZ, ELIPIDIO Y IRIGOYEN",2018-05-29,8,9,1093,5,5,
AV.ALVAREZ JONTE Y IRIGOYEN,2018-05-29,8,9,1150,37,4,
NOGOYA Y IRIGOYEN,2018-05-29,18,19,1487,65,1,
"AV. FOREST Y GARCIA, TEODORO",2018-06-06,8,9,2115,95,7,
SIMBRON Y IRIGOYEN,2018-05-29,19,20,1210,8,3,
CHACO Y DOBLAS,2018-08-16,17,18,458,0,1,
"DELLEPIANE, LUIS, TTE GRAL. SUR Y CASTAÑARES AV.",2019-01-22,8,9,533,71,7,
LA PLATA AV. Y ZAÑARTU,2018-08-14,18,19,1372,98,0,
"LOZANO, PEDRO Y IRIGOYEN",2018-05-29,8,9,1107,12,5,
ACOYTE AV. Y RIVADAVIA AV.,2018-06-27,17,18,3430,290,14,
CHACO Y REPUBLICA DE INDONESIA,2018-08-16,17,18,1310,0,1,
NAZARRE Y CORTINA,2019-03-26,19,20,384,0,0,
RIVADAVIA AV. Y LA PLATA AV.,2018-08-09,9,10,2100,133,6,
AV. ELCANO Y AV. TRIUNVIRATO,2018-06-06,17,18,1281,71,8,
"LOZANO, PEDRO Y HUGO, VICTOR",2019-03-26,11,12,318,0,0,
AV. ELCANO Y GUZMAN,2018-06-06,9,10,1748,185,5,
DIRECTORIO AV. Y LA PLATA AV.,2018-08-09,8,9,4775,214,24,
SAN BLAS Y IRIGOYEN,2018-05-29,16,17,1383,5,11,
SAN BLAS Y IRIGOYEN,2018-05-29,18,19,1653,6,1,
"LOZANO, PEDRO Y HUGO, VICTOR",2019-03-26,15,16,404,5,0,
NAZARRE Y CORTINA,2019-03-26,9,10,252,0,0,
"ACHA, MARIANO, GRAL. Y LA PAMPA",2018-06-13,10,11,1061,51,19,
AV. CABILDO  Y COMODORO RIVADAVIA,2019-06-26,10,11,2083,9,4,NO SE CONTARON COLECTIVOS POR METROBUS
SENILLOSA Y CHACO,2018-08-16,8,9,788,34,0,
SAN BLAS Y IRIGOYEN,2018-05-29,10,11,770,6,9,
NAZARRE Y CORTINA,2019-03-26,12,13,452,0,0,
SANTO TOME Y IRIGOYEN,2018-05-29,9,10,964,13,7,
BOGOTA Y ACOYTE AV.,2018-06-26,8,9,149,0,2,
RIVADAVIA AV. Y LA PLATA AV.,2018-08-07,19,20,2581,187,0,
"MOLIERE Y VARELA, JOSE PEDRO",2019-03-26,10,11,440,0,0,
SIMBRON Y VIRGILIO,2019-03-26,11,12,515,0,0,
EL MAESTRO Y CHACO,2018-08-16,9,10,817,0,0,
SAENZ AV. Y LA PLATA AV.,2018-05-24,8,9,1668,361,4,
NAZARRE Y CORTINA,2019-03-26,16,17,436,1,0,
SIMBRON Y VIRGILIO,2019-03-26,16,17,573,0,0,
SAN BLAS Y IRIGOYEN,2018-05-29,15,16,1036,5,8,
"DELLEPIENE, LUIS TTE GRAL. (SUR) Y LACARRA AV.",2018-06-07,18,19,2505,63,76,
"PUEYRREDÓN, HONORIO DR. AV. Y NEUQUEN",2018-06-27,17,18,1490,31,6,
LA PLATA AV. Y JUAN DE GARAY AV.,2018-08-14,19,20,3031,105,3,
NAZARRE Y CORTINA,2019-03-26,8,9,378,0,4,
"DELLEPIANE, LUIS, TTE GRAL. SUR Y CASTAÑARES AV.",2019-03-20,8,9,736,81,6,
"DE LOS INCAS AV. Y ACHA, MARIANO, GRAL.",2018-06-13,8,9,1702,44,7,
"TRIUNVIRATO AV. Y ACHA, MARIANO, GRAL.",2018-06-13,8,9,1952,100,4,
SANTO TOME Y IRIGOYEN,2018-05-29,11,12,761,12,4,
"UDAONDO, GUILLERMO AV. Y FIGUEROA ALCORTA, PRES. AV.",2018-06-28,18,19,3294,32,9,
"LOZANO, PEDRO Y IRIGOYEN",2018-05-29,17,18,1291,10,4,
SAN BLAS Y IRIGOYEN,2018-05-29,17,18,1573,1,7,
"ACHA, MARIANO, GRAL. Y LA PAMPA",2018-06-13,12,13,1091,44,13,
